,MovieName,EnglishName,OtherName,Director,Actors,Year,Country,Grenre,Rating10,RatingNum,Description
0,肖申克的救赎,The Shawshank Redemption,月黑高飞(港)  /  刺激1995(台), 弗兰克・德拉邦特 Frank Darabont, 蒂姆・罗宾斯 Tim Robbins /...,1994,美国,犯罪 剧情,9.6,929218人评价,希望让人自由。
1,霸王别姬,,再见，我的妾  /  Farewell My Concubine, 陈凯歌 Kaige Chen, 张国荣 Leslie Cheung / 张丰毅 Fengyi Zha...,1993,中国大陆 香港,剧情 爱情 同性,9.5,671407人评价,风华绝代。
2,这个杀手不太冷,Léon,杀手莱昂  /  终极追杀令(台), 吕克・贝松 Luc Besson, 让・雷诺 Jean Reno / 娜塔莉・波特曼 ...,1994,法国,剧情 动作 犯罪,9.4,881594人评价,怪蜀黍和小萝莉不得不说的故事。
3,阿甘正传,Forrest Gump,福雷斯特・冈普, Robert Zemeckis, Tom Hanks / Robin Wright Penn / Gary Sinise,1994,美国,剧情 爱情,9.4,749630人评价,一部美国近现代史。
4,美丽人生,La vita è bella,一个快乐的传说(港)  /  Life Is Beautiful, 罗伯托・贝尼尼 Roberto Benigni, 罗伯托・贝尼尼 Roberto Beni...,1997,意大利,剧情 喜剧 爱情 战争,9.5,437807人评价,最美的谎言。
5,千与千寻,千と千い紊耠Lし,神隐少女(台)  /  Spirited Away, 宫崎骏 Hayao Miyazaki, 艾美 Rumi H?ragi / 入野自由 Miy...,2001,日本,剧情 动画 奇幻,9.2,699770人评价,最好的宫崎骏，最好的久石让。
6,辛德勒的名单,Schindler's List,舒特拉的名单(港)  /  辛德勒名单, 史蒂文・斯皮尔伯格 Steven Spielberg, 连姆・尼森 Liam Neeson...,1993,美国,剧情 历史 战争,9.4,401912人评价,拯救一个人，就是拯救整个世界。
7,泰坦尼克号,Titanic,铁达尼号(港 / 台), 詹姆斯・卡梅隆 James Cameron, 莱昂纳多・迪卡普里奥 Leonardo...,1997,美国,剧情 爱情 灾难,9.2,689715人评价,失去的才是永恒的。
8,盗梦空间,Inception,潜行凶间(港)  /  全面启动(台), 克里斯托弗・诺兰 Christopher Nolan, 莱昂纳多・迪卡普里奥 Le...,2010,美国 英国,剧情 动作 科幻 悬疑 冒险,9.3,797788人评价,诺兰给了我们一场无法盗取的梦。
9,机器人总动员,WALL・E,瓦力(台)  /  太空奇兵・威E(港), 安德鲁・斯坦顿 Andrew Stanton, 本・贝尔特 Ben Burtt / 艾丽...,2008,美国,喜剧 爱情 科幻 动画 冒险,9.3,522051人评价,小瓦力，大人生。
10,海上钢琴师,La leggenda del pianista sull'oceano,声光伴我飞(港)  /  一九零零的传奇, 朱塞佩・托纳多雷 Giuseppe Tornatore, 蒂姆・罗斯 Tim Roth / ...,1998,意大利,剧情 音乐,9.2,622885人评价,每个人都要走一条自己坚定了的路，就算是粉身碎骨。
11,三傻大闹宝莱坞,3 Idiots,三个傻瓜(台)  /  作死不离3兄弟(港), 拉库马・希拉尼 Rajkumar Hirani, 阿米尔・汗 Aamir Khan / 卡...,2009,印度,剧情 喜剧 爱情 歌舞,9.1,707576人评价,英俊版憨豆，高情商版谢耳朵。
12,忠犬八公的故事,Hachi: A Dog's Tale,忠犬小八(台)  /  秋田犬八千(港), 莱塞・霍尔斯道姆 Lasse Hallstr?m, 理查・基尔 Richard Ger...,2009,美国 英国,剧情,9.2,482413人评价,永远都不能忘记你所爱的人。
13,放牛班的春天,Les choristes,歌声伴我心(港)  /  唱诗班男孩, 克里斯托夫・巴拉蒂 Christophe Barratier, 杰拉尔・朱诺 Géra...,2004,法国 瑞士 德国,剧情 音乐,9.2,475466人评价,天籁一般的童声，是最接近上帝的存在。
14,大话西游之大圣娶亲,西[大Y局之仙履奇,西游记完结篇仙履奇缘  /  齐天大圣西游记, 刘镇伟 Jeffrey Lau, 周星驰 Stephen Chow / 吴孟达 Man Tat Ng...,1995,香港 中国大陆,喜剧 爱情 奇幻 冒险,9.2,514482人评价,一生所爱。
15,教父,The Godfather,Mario Puzo's The Godfather, 弗朗西斯・福特・科波拉 Francis Ford Coppola, 马龙・白兰度 M...,1972,美国,剧情 犯罪,9.2,359882人评价,千万不要记恨你的对手，这样会让你失去理智。
16,龙猫,となりのトトロ,邻家的豆豆龙  /  隔壁的特特罗, 宫崎骏 Hayao Miyazaki, 日高法子 Noriko Hidaka / 坂本千夏 Ch...,1988,日本,儿童 动画 奇幻 家庭,9.1,438658人评价,人人心中都有个龙猫，童年就永远不会消失。
17,楚门的世界,The Truman Show,真人Show(港)  /  真人戏, 彼得・威尔 Peter Weir, 金・凯瑞 Jim Carrey / 劳拉・琳妮 Lau...,1998,美国,剧情 科幻,9.1,482863人评价,如果再也不能见到你，祝你早安，午安，晚安。
18,乱世佳人,Gone with the Wind,飘, 维克多・弗莱明 Victor Fleming / 乔治・库克 George Cukor, 托...,1939,美国,剧情 历史 爱情 战争,9.2,282050人评价,Tomorrow is another day.
19,熔炉,???,无声呐喊(港)  /  漩涡, 黄东赫 Dong-hyuk Hwang, 孔侑 Yoo Gong / 郑有美 Yu-mi Jeong ...,2011,韩国,剧情,9.2,280199人评价,我们一路奋战不是为了改变世界，而是为了不让世界改变我们。
20,触不可及,Intouchables,闪亮人生(港)  /  逆转人生(台), 奥利维・那卡什 Olivier Nakache / 艾力克・托兰达 Eric Toledano,NaN,2011,法国,剧情 喜剧,9.1,383892人评价,满满温情的高雅喜剧。
21,天堂电影院,Nuovo Cinema Paradiso,星光伴我心(港)  /  新天堂乐园(台), 朱塞佩・托纳多雷 Giuseppe Tornatore, 安东娜拉・塔莉 Antonel...,1988,意大利 法国,剧情 爱情,9.1,321171人评价,那些吻戏，那些青春，都在影院的黑暗里被泪水冲刷得无比清晰。
22,当幸福来敲门,The Pursuit of Happyness,寻找快乐的故事(港)  /  追求快乐, 加布里尔・穆奇诺 Gabriele Muccino, 威尔・史密斯 Will Smith ...,2006,美国,剧情 传记 家庭,8.9,563974人评价,平民励志片。
23,无间道,og道,Infernal Affairs  /  Mou gaan dou, 刘伟强 / 麦兆辉, 刘德华 / 梁朝伟 / 黄秋生,2002,香港,剧情 犯罪 悬疑,9.0,420912人评价,香港电影史上永不过时的杰作。
24,星际穿越,Interstellar,星际启示录(港)  /  星际效应(台), 克里斯托弗・诺兰 Christopher Nolan, 马修・麦康纳 Matthew Mc...,2014,美国 英国 加拿大 冰岛,剧情 科幻 冒险,9.1,510567人评价,爱是一种力量，让我们超越时空感知它的存在。
25,十二怒汉,12 Angry Men,12怒汉  /  十二怒汉, Sidney Lumet, 亨利・方达 Henry Fonda / 马丁・鲍尔萨姆 Marti...,1957,美国,剧情,9.4,179452人评价,1957年的理想主义。
26,搏击俱乐部,Fight Club,搏击会(港)  /  斗阵俱乐部(台), 大卫・芬奇 David Fincher, 爱德华・诺顿 Edward Norton / 布拉...,1999,美国 德国,剧情 动作 悬疑 惊悚,9.0,416749人评价,邪恶与平庸蛰伏于同一个母体，在特定的时间互相对峙。
27,怦然心动,Flipped,萌动青春  /  青春萌动, 罗伯・莱纳 Rob Reiner, 玛德琳・卡罗尔 Madeline Carroll / 卡...,2010,美国,剧情 喜剧 爱情,8.9,578162人评价,真正的幸福是来自内心深处。
28,指环王3：王者无敌,The Lord of the Rings: The Return of the King,魔戒三部曲：王者再临(台 / 港), 彼得・杰克逊 Peter Jackson, 维果・莫腾森 Viggo Mortensen / ...,2003,美国 新西兰,剧情 动作 奇幻 冒险,9.1,295961人评价,史诗的终章。
29,少年派的奇幻漂流,Life of Pi,少年Pi的奇幻漂流  /  漂流少年Pi, 李安 Ang Lee, 苏拉・沙玛 Suraj Sharma / 拉菲・斯波 Rafe Spa...,2012,美国 台湾 英国 加拿大,剧情 奇幻 冒险,9.0,601701人评价,瑰丽壮观、无人能及的冒险之旅。
30,鬼子来了,Devils on the Doorstep,, 姜文 Wen Jiang, 姜文 Wen Jiang / 香川照之 Teruyuki Kagawa /...,2000,中国大陆,剧情 战争,9.2,240862人评价,对敌人的仁慈，就是对自己残忍。
31,天空之城,天空の城ラピュタ,Tenk? no shiro Rapyuta  /  Laputa: Castle in the Sky, 宫崎骏 Hayao Miyazaki, 田中真弓 Mayumi Tanaka / 横泽启子 Ke...,1986,日本,动画 奇幻 冒险,9.0,346828人评价,对天空的追逐，永不停止。
32,蝙蝠侠：黑暗骑士,The Dark Knight,蝙蝠侠前传2：黑暗骑士  /  黑暗骑士(台), 克里斯托弗・诺兰 Christopher Nolan, 克里斯蒂安・贝尔 Christ...,2008,美国 英国,剧情 动作 科幻 犯罪 惊悚,9.0,338340人评价,无尽的黑暗。
33,活着,,人生  /  Lifetimes, 张艺谋 Yimou Zhang, 葛优 You Ge / 巩俐 Li Gong / 姜武 Wu Jiang,1994,中国大陆 香港,剧情 历史 家庭,9.1,281890人评价,张艺谋最好的电影。
34,罗马假日,Roman Holiday,金枝玉叶(港)  /  罗马假期(台), 威廉・惠勒 William Wyler, 奥黛丽・赫本 Audrey Hepburn / 格...,1953,美国,喜剧 剧情 爱情,8.9,400466人评价,爱情哪怕只有一天。
35,大话西游之月光宝盒,西[第壹佰零壹回之月光盒,西游记101回月光宝盒  /  齐天大圣东游记, 刘镇伟 Jeffrey Lau, 周星驰 Stephen Chow / 吴孟达 Man Tat Ng...,1995,香港 中国大陆,喜剧 动作 爱情 奇幻 冒险 古装,8.9,415314人评价,旷古烁今。
36,飞屋环游记,Up,冲天救兵(港)  /  天外奇迹(台), 彼特・道格特 Pete Docter / 鲍勃・彼德森 Bob Peterson, 爱德...,2009,美国,剧情 喜剧 动画 冒险,8.9,517456人评价,最后那些最无聊的事情，才是最值得怀念的。
37,两杆大烟枪,"Lock, Stock and Two Smoking Barrels",够姜四小强(港)  /  两根枪管(台), Guy Ritchie, Jason Flemyng / Dexter Fletcher / Nick Moran,1998,英国,剧情 喜剧 犯罪,9.1,282463人评价,4个臭皮匠顶个诸葛亮，盖・里奇果然不是盖的。
38,窃听风暴,Das Leben der Anderen,他人的生活  /  别人的生活, 弗洛里安・亨克尔・冯・多纳斯马 Florian Henckel von Donnersmarck,NaN,2006,德国,剧情 悬疑,9.1,232413人评价,别样人生。
39,飞越疯人院,One Flew Over the Cuckoo's Nest,飞越杜鹃窝  /  飞越喜鹊巢, 米洛斯・福尔曼 Milo? Forman, 杰克・尼科尔森 Jack Nichols...,1975,美国,剧情,9.0,286592人评价,自由万岁。
40,海豚湾,The Cove,血色海湾(台)  /  海湾, Louie Psihoyos, John Chisholm / Mandy-Rae Cruikshank / Char...,2009,美国,纪录片,9.3,186897人评价,海豚的微笑，是世界上最高明的伪装。
41,闻香识女人,Scent of a Woman,女人香  /  女人的芳香, 马丁・布莱斯 Martin Brest, 阿尔・帕西诺 Al Pacino / 克里斯...,1992,美国,剧情,8.9,334244人评价,史上最美的探戈。
42,控方证人,Witness for the Prosecution,雄才伟略  /  情妇, 比利・怀尔德 Billy Wilder, 查尔斯・劳顿 Charles Laughton / ...,1957,美国,剧情 犯罪 悬疑,9.6,96412人评价,比利・怀德满分作品。
43,V字仇杀队,V for Vendetta,V煞(港)  /  V怪客(台), 詹姆斯・麦克特格 James McTeigue, 娜塔莉・波特曼 Natalie Por...,2005,美国 英国 德国,剧情 动作 科幻 惊悚,8.8,432623人评价,一张面具背后的理想与革命。
44,哈尔的移动城堡,ハウルの婴城,呼啸山城  /  霍尔的移动城堡, 宫崎骏 Hayao Miyazaki, 倍赏千惠子 Chieko Baish? / 木村拓...,2004,日本,爱情 动画 奇幻 冒险,8.9,363492人评价,带着心爱的人在天空飞翔。
45,教父2,The Godfather: Part Ⅱ,教父续集  /  教父II, 弗朗西斯・福特・科波拉 Francis Ford Coppola, 阿尔・帕西诺 A...,1974,美国,剧情 犯罪,9.1,193737人评价,优雅的孤独。
46,美丽心灵,A Beautiful Mind,有你终生美丽(港)  /  美丽境界(台), 朗・霍华德 Ron Howard, 罗素・克劳 Russell Crowe / 詹妮弗・...,2001,美国,传记 剧情,8.9,314509人评价,爱是一切逻辑和原由。
47,死亡诗社,Dead Poets Society,暴雨骄阳(港)  /  春风化雨(台), 彼得・威尔 Peter Weir, 罗宾・威廉姆斯 Robin Williams / 罗伯...,1989,美国,剧情,8.9,288517人评价,当一个死水般的体制内出现一个活跃的变数时，所有的腐臭都站在了光明的对面。
48,指环王2：双塔奇兵,The Lord of the Rings: The Two Towers,魔戒二部曲：双城奇谋  /  指环王II：双塔, 彼得・杰克逊 Peter Jackson, 伊利亚・伍德 Elijah Wood / 西恩...,2002,美国 新西兰,剧情 动作 奇幻 冒险,8.9,279024人评价,承前启后的史诗篇章。
49,疯狂动物城,Zootopia,优兽大都会(港)  /  动物方城市(台), 拜伦・霍华德 Byron Howard / 瑞奇・摩尔 Rich Moore, 金妮弗・...,2016,美国,喜剧 动画 冒险,9.2,521300人评价,迪士尼给我们营造的乌托邦就是这样，永远善良勇敢，永远出乎意料。
50,指环王1：魔戒再现,The Lord of the Rings: The Fellowship of the Ring,魔戒首部曲：魔戒现身  /  指环王I：护戒使者, 彼得・杰克逊 Peter Jackson, 伊利亚・伍德 Elijah Wood / 西恩...,2001,新西兰 美国,剧情 动作 奇幻 冒险,8.9,311960人评价,传说的开始。
51,辩护人,???,逆权大状(港)  /  正义辩护人(台), 杨宇硕 Woo-seok Yang, 宋康昊 Kang-ho Song / 吴达洙 Dal-su O...,2013,韩国,剧情,9.1,214457人评价,电影的现实意义大过电影本身。
52,情书,Love Letter,When I Close My Eyes  /  Letters of Love, 岩井俊二 Shunji Iwai, 中山美穗 Miho Nakayama / 丰川悦司 Ets...,1995,日本,剧情 爱情,8.8,387634人评价,暗恋的极致。
53,饮食男女,食男女,Eat Drink Man Woman, 李安 Ang Lee, 吴倩莲 Chien-lien Wu / 杨贵媚 Kuei-Mei Yang /...,1994,台湾 美国,剧情 家庭,9.1,206227人评价,人生不能像做菜，把所有的料都准备好了才下锅。
54,美国往事,Once Upon a Time in America,四海兄弟(台)  /  义薄云天(港), 赛尔乔・莱翁内 Sergio Leone, 罗伯特・德尼罗 Robert De Niro ...,1984,意大利 美国,犯罪 剧情,9.1,180614人评价,往事如烟，无处祭奠。
55,天使爱美丽,Le fabuleux destin d'Amélie Poulain,艾蜜莉的异想世界(台)  /  天使艾米莉, 让-皮埃尔・热内 Jean-Pierre Jeunet, 奥黛丽・塔图 Audrey Tau...,2001,法国 德国,喜剧 爱情,8.7,494655人评价,法式小清新。
56,钢琴家,The Pianist,战地琴人  /  钢琴战曲, 罗曼・波兰斯基 Roman Polanski, 艾德里安・布洛迪 Adrien Brod...,2002,法国 德国 英国 波兰,剧情 传记 历史 战争,9.0,208446人评价,音乐能化解仇恨。
57,狮子王,The Lion King,狮子王3D, Roger Allers / 罗伯・明可夫 Rob Minkoff, 乔纳森・泰勒・托马...,1994,美国,剧情 动画 冒险 歌舞 家庭,8.9,289855人评价,动物版《哈姆雷特》。
58,七宗罪,Se7en,火线追缉令  /  7宗罪, 大卫・芬奇 David Fincher, 摩根・弗里曼 Morgan Freeman / 布...,1995,美国,剧情 犯罪 悬疑 惊悚,8.7,446338人评价,警察抓小偷，老鼠玩死猫。
59,被嫌弃的松子的一生,嫌われ松子の一生,花样奇缘(港)  /  令人讨厌的松子的一生(台), 中岛哲也 Tetsuya Nakashima, 中谷美纪 Miki Nakatani / 瑛太 E...,2006,日本,剧情 歌舞,8.9,295097人评价,以戏谑来戏谑戏谑。
60,致命魔术,The Prestige,顶尖对决(台)  /  死亡魔法(港), 克里斯托弗・诺兰 Christopher Nolan, 克里斯蒂安・贝尔 Christ...,2006,美国 英国,剧情 悬疑 惊悚,8.8,353490人评价,孪生蝙蝠侠大战克隆金刚狼。
61,小鞋子,?????? ?????,天堂的孩子  /  小童鞋, 马基德・马基迪 Majid Majidi, Amir Farrokh Hashemian / 默罕...,1997,伊朗,剧情 家庭 儿童,9.2,141885人评价,奔跑的孩子是天使。
62,勇敢的心,Braveheart,惊世未了缘(港)  /  梅尔吉勃逊之英雄本色(台), 梅尔・吉布森 Mel Gibson, 梅尔・吉布森 Mel Gibson / 苏菲・玛...,1995,美国,动作 传记 剧情 历史 战争,8.8,301431人评价,史诗大片的典范。
63,素媛,??,许愿  /  希望：为爱重生(台), 李F益 Jun-ik Lee, 薛景求 Kyung-gu Sol / 严志媛 Ji-won Uhm ...,2013,韩国,剧情,9.1,187166人评价,受过伤害的人总是笑得最开心，因为他们不愿意让身边的人承受一样的痛苦。
64,剪刀手爱德华,Edward Scissorhands,幻海奇缘(港)  /  剪刀手爱德华, Tim Burton, 约翰尼・德普 Johnny Depp / 薇诺娜・瑞德 Winona ...,1990,美国,剧情 奇幻 爱情,8.7,495527人评价,浪漫忧郁的成人童话。
65,音乐之声,The Sound of Music,仙乐飘飘处处闻(港)  /  真善美(台), Robert Wise, 朱丽・安德鲁斯 Julie Andrews / 克里斯托弗・普...,1965,美国,剧情 爱情 歌舞 家庭 传记,8.9,237311人评价,用音乐化解仇恨，让歌声串起美好。
66,低俗小说,Pulp Fiction,黑色追令(台)  /  危险人物(港), 昆汀・塔伦蒂诺 Quentin Tarantino, 约翰・特拉沃尔塔 John Tra...,1994,美国,剧情 喜剧 犯罪,8.8,343193人评价,故事的高级讲法。
67,本杰明・巴顿奇事,The Curious Case of Benjamin Button,奇幻逆缘(港)  /  返老还童, 大卫・芬奇 David Fincher, 凯特・布兰切特 Cate Blanchett / ...,2008,美国,剧情 爱情 奇幻,8.7,403038人评价,在时间之河里感受溺水之苦。
68,黑客帝国,The Matrix,廿二世纪杀人网络(港)  /  骇客任务(台), 安迪・沃卓斯基 Andy Wachowski / 拉娜・沃卓斯基 Lana Wachowski,NaN,1999,美国 澳大利亚,动作 科幻,8.8,287949人评价,视觉革命。
69,沉默的羔羊,The Silence of the Lambs,沉默的羔羊, 乔纳森・戴米 Jonathan Demme, 朱迪・福斯特 Jodie Foster / 安...,1991,美国,剧情 犯罪 惊悚,8.7,361333人评价,安东尼・霍普金斯的顶级表演。
70,西西里的美丽传说,Malèna,真爱伴我行(台)  /  玛莲娜, 朱塞佩・托纳多雷 Giuseppe Tornatore, 莫妮卡・贝鲁奇 Monica ...,2000,意大利 美国,剧情 战争 情色,8.7,357698人评价,美丽无罪。
71,拯救大兵瑞恩,Saving Private Ryan,雷霆救兵(港)  /  抢救雷恩大兵(台), 史蒂文・斯皮尔伯格 Steven Spielberg, 汤姆・汉克斯 Tom Hanks...,1998,美国,剧情 历史 战争,8.9,243931人评价,美利坚精神输出大片No1.
72,入殓师,おくりびと,礼仪师之奏鸣曲(港)  /  礼仪师(台), 泷田洋二郎 Y?jir? Takita, 本木雅弘 Masahiro Motoki / ...,2008,日本,剧情,8.8,324471人评价,死可能是一道门，逝去并不是终结，而是超越，走向下一程。
73,蝴蝶效应,The Butterfly Effect,蝴蝶效应, 埃里克・布雷斯 Eric Bress / J・麦基・格鲁伯 J. Mackye Gruber,NaN,2004,美国 加拿大,剧情 悬疑 科幻 惊悚,8.7,389932人评价,人的命运被自己瞬间的抉择改变。
74,玛丽和马克思,Mary and Max,巧克力情缘(台)  /  同是天涯寂寞客, 亚当・艾略特 Adam Elliot, 托妮・科莱特 Toni Collette / 菲利...,2009,澳大利亚,剧情 动画,8.9,235612人评价,你是我最好的朋友，你是我唯一的朋友 。
75,让子弹飞,,让子弹飞一会儿  /  火烧云, 姜文 Wen Jiang, 姜文 Wen Jiang / 葛优 You Ge / 周润发 Yun-F...,2010,中国大陆 香港,剧情 喜剧 动作 西部,8.7,635194人评价,你给我翻译翻译，神马叫做TMD的惊喜。
76,春光乍泄,春光乍,一起快乐  /  Happy Together, 王家卫 Kar Wai Wong, 张国荣 Leslie Cheung / 梁朝伟 Tony Leu...,1997,香港 日本 韩国,剧情 爱情 同性,8.8,251938人评价,爱情纠缠，男女一致。
77,心灵捕手,Good Will Hunting,骄阳似我(港)  /  心灵捕手, 格斯・范・桑特 Gus Van Sant, 马特・达蒙 Matt Damon / 罗宾・...,1997,美国,剧情,8.7,276477人评价,人生中应该拥有这样的一段豁然开朗。
78,大闹天宫,,大闹天宫 上下集  /  The Monkey King, 万籁鸣 Laiming Wan / 唐澄 Cheng  Tang, 邱岳峰 Yuefeng Qiu /...,1961(中国大陆) / 1964(中国大陆) / 1978(中国大陆) / 2004(中国大陆),中国大陆,动画 奇幻,9.2,101454人评价,经典之作，历久弥新。
79,幽灵公主,もののけ,魔法公主  /  幽灵少女, 宫崎骏 Hayao Miyazaki, 松田洋治 Y?ji Matsuda / 石田百合...,1997,日本,动作 爱情 战争 动画 奇幻 冒险,8.8,239173人评价,人与自然的战争史诗。
80,阳光灿烂的日子,In the Heat of the Sun,, 姜文 Wen Jiang, 夏雨 Yu Xia / 宁静 Jing Ning / 陶虹 Hong Tao,1994,中国大陆 香港,剧情,8.7,275805人评价,一场华丽的意淫。
81,第六感,The Sixth Sense,灵异第六感  /  鬼眼, M・奈特・沙马兰 M. Night Shyamalan, 布鲁斯・威利斯 Bruce Wi...,1999,美国,剧情 悬疑 惊悚,8.8,239126人评价,深入内心的恐怖，出人意料的结局。
82,重庆森林,重c森林,Chungking Express, 王家卫 Kar Wai Wong, 林青霞 Brigitte Lin / 金城武 Takeshi K...,1994,香港,剧情 爱情,8.7,336627人评价,寂寞没有期限。
83,大鱼,Big Fish,大鱼奇缘(港)  /  大智若鱼(台), 蒂姆・波顿 Tim Burton, 伊万・麦克格雷格 Ewan McGregor / 阿...,2003,美国,剧情 家庭 奇幻 冒险,8.7,256885人评价,抱着梦想而活着的人是幸福的，怀抱梦想而死去的人是不朽的。
84,射雕英雄传之东成西就,射m英雄髦|成西就,东成西就  /  大英雄 (日本), 刘镇伟 Jeffrey Lau, 梁朝伟 Tony Leung Chiu Wai / 林青霞 Bri...,1993,香港,喜剧 古装,8.7,280651人评价,百看不厌。
85,禁闭岛,Shutter Island,不赦岛(港)  /  隔离岛(台), Martin Scorsese, 莱昂纳多・迪卡普里奥 Leonardo DiCaprio / ...,2010,美国,剧情 悬疑 惊悚,8.6,365950人评价,昔日翩翩少年，今日大腹便便。
86,甜蜜蜜,Comrades: Almost a Love Story,, 陈可辛 Peter Chan, 黎明 Leon Lai / 张曼玉 Maggie Cheung / ...,1996,香港,剧情 爱情,8.8,236217人评价,相逢只要一瞬间，等待却像是一辈子。
87,狩猎,Jagten,谎言的烙印(台)  /  诬网(港), 托马斯・温特伯格 Thomas Vinterberg, 麦斯・米科尔森 Mads Mik...,2012,丹麦 瑞典,剧情,9.0,131044人评价,人言可畏。
88,末代皇帝,The Last Emperor,末代皇帝溥仪(港), 贝纳尔多・贝托鲁奇 Bernardo Bertolucci, 尊龙 John Lone / 陈...,1987,意大利 中国大陆 英国 法国,剧情 传记 历史,8.9,169631人评价,“不要跟我比惨，我比你更惨”再适合这部电影不过了。
89,一一,,Yi yi  /  Yi yi: A One and a Two, 杨德昌 Edward Yang, 吴念真 / 李凯莉 Kelly Lee / 金燕玲 Elai...,2000,台湾 日本,剧情 爱情 家庭,8.9,158680人评价,我们都曾经是一一。
90,看不见的客人,Contratiempo,丫(台)  /  The Invisible Guest, 奥里奥尔・保罗 Oriol Paulo, 马里奥・卡萨斯 Mario Casas / 阿...,2016,西班牙,剧情 犯罪 悬疑 惊悚,8.7,287260人评价,你以为你以为的就是你以为的。
91,阳光姐妹淘,??,阳光姊妹淘(港)  /  桑尼, 姜炯哲 Hyeong-Cheol Kang, 沈恩京 Eun-kyung Shim / 闵孝琳 Hy...,2011,韩国,剧情 喜剧,8.8,272890人评价,再多各自牛逼的时光，也比不上一起傻逼的岁月。
92,致命ID,Identity,杀人游戏  /  致命身份, James Mangold, John Cusack / Ray Liotta / Amanda Peet,2003,美国,剧情 悬疑 惊悚,8.6,323703人评价,最不可能的那个人永远是最可能的。
93,上帝之城,Cidade de Deus,无主之城 (港)  /  无法无天 (台), Kátia Lund / Fernando Meirelles, Alexandre Rodrigues / Lea...,2002,巴西 法国,犯罪 剧情,8.9,160391人评价,被上帝抛弃了的上帝之城。
94,告白,,自白  /  母亲, 中岛哲也 Tetsuya Nakashima, 松隆子 Takako Matsu / 冈田将生 ...,2010,日本,剧情 惊悚,8.7,347822人评价,没有一人完全善，也没有一人完全恶。
95,布达佩斯大饭店,The Grand Budapest Hotel,布达佩斯大酒店(港)  /  欢迎来到布达佩斯大饭店(台), 韦斯・安德森 Wes Anderson, 拉尔夫・费因斯 Ralph Fiennes / ...,2014,美国 德国 英国,剧情 喜剧,8.7,315132人评价,小清新的故事里注入了大历史的情怀。
96,断背山,Brokeback Mountain,断臂山, 李安 Ang Lee, 希斯・莱杰 Heath Ledger / 杰克・吉伦哈尔 Jake...,2005,美国 加拿大,剧情 爱情 同性 家庭,8.6,323062人评价,每个人心中都有一座断背山。
97,加勒比海盗,Pirates of the Caribbean: The Curse of the Black Pearl,加勒比海盗1：黑珍珠号的诅咒  /  神鬼奇航：鬼盗船魔咒(台), 戈尔・维宾斯基 Gore Verbinski, 约翰尼・德普 Johnny Depp / ...,2003,美国,动作 冒险 奇幻,8.6,348803人评价,约翰尼・德普的独角戏。
98,哈利・波特与魔法石,Harry Potter and the Sorcerer's Stone,哈利波特1：神秘的魔法石(港 / 台), Chris Columbus, Daniel Radcliffe / Emma Watson / Rupert Grint,2001,美国 英国,奇幻 冒险,8.7,258410人评价,童话世界的开端。
99,猫鼠游戏,Catch Me If You Can,逍遥法外  /  神鬼交锋(台), 史蒂文・斯皮尔伯格 Steven Spielberg, 莱昂纳多・迪卡普里奥 L...,2002,美国 加拿大,传记 犯罪 剧情,8.7,228246人评价,骗子大师和执著警探的你追我跑故事。
100,摩登时代,Modern Times,"The Masses  /  Temps modernes, Les", 查理・卓别林 Charles Chaplin, 查理・卓别林 Charles Chaplin ...,1936,美国,喜剧 剧情 爱情,9.2,89941人评价,大时代中的人生，小人物的悲喜。
101,爱在黎明破晓前,Before Sunrise,情留半天(港)  /  爱在黎明破晓时(台), 理查德・林克莱特 Richard Linklater, 伊桑・霍克 Ethan Hawke ...,1995,美国 奥地利 瑞士,剧情 爱情,8.7,223344人评价,缘分是个连绵词，最美不过一瞬。
102,阿凡达,Avatar,天神下凡  /  化身, 詹姆斯・卡梅隆 James Cameron, 萨姆・沃辛顿 Sam Worthington ...,2009,美国 英国,动作 冒险 奇幻 科幻,8.6,534572人评价,绝对意义上的美轮美奂。
103,风之谷,Lの谷のナウシカ,风谷少女  /  Kaze no tani no Naushika, 宫崎骏 Hayao Miyazaki, 岛本须美 Sumi Shimamoto / 松田洋治 Y...,1984,日本,科幻 动画 奇幻 冒险,8.8,178149人评价,动画片的圣经。
104,穿条纹睡衣的男孩,The Boy in the Striped Pajamas,穿条纹衣服的男孩  /  穿条纹衣的男孩, 马克・赫门 Mark Herman, 阿沙・巴特菲尔德 Asa Butterfield / ...,2008,英国 美国,剧情 战争,8.9,146847人评价,尽管有些不切实际的幻想，这部电影依旧是一部感人肺腑的佳作。
105,爱在日落黄昏时,Before Sunset,日落巴黎(港)  /  爱在日落巴黎时(台), 理查德・林克莱特 Richard Linklater, 伊桑・霍克 Ethan Hawke ...,2004,美国,剧情 爱情,8.7,200895人评价,九年后的重逢是世俗和责任的交叠，没了悸动和青涩，沧桑而温暖。
106,侧耳倾听,耳をすませば,心之谷  /  梦幻街少女, 近藤喜文 Yoshifumi Kondo, 本名阳子 Youko Honna / 小林桂树 K...,1995,日本,剧情 爱情 动画 音乐,8.8,169948人评价,少女情怀总是诗。
107,消失的爱人,Gone Girl,失踪的女孩  /  失踪女孩, 大卫・芬奇 David Fincher, 本・阿弗莱克 Ben Affleck / 罗莎蒙...,2014,美国,剧情 犯罪 悬疑 惊悚,8.7,358876人评价,年度最佳date movie。
108,萤火虫之墓,火垂るの墓,再见萤火虫(港)  /  萤火挽歌, 高x勋 Isao Takahata, 辰己努 / 白石绫乃 / 志乃原良子,1988,日本,动画 剧情 战争,8.7,205470人评价,幸福是生生不息，却难以触及的远。
109,超脱,Detachment,人间师格(台), 托尼・凯耶 Tony Kaye, 艾德里安・布洛迪 Adrien Brody / 马西...,2011,美国,剧情,8.8,174127人评价,穷尽一生，我们要学会的，不过是彼此拥抱。
110,驯龙高手,How to Train Your Dragon,驯龙记(港), 迪恩・德布洛斯 Dean DeBlois / 克里斯・桑德斯 Chris Sanders,...,2010,美国,喜剧 动画 奇幻 冒险 家庭,8.7,286941人评价,和谐的生活离不开摸头与被摸头。
111,倩女幽魂,,倩女幽魂(87版)  /  A Chinese Ghost Story, 程小东 Siu-Tung Ching, 张国荣 Leslie Cheung / 王祖贤 Joey W...,1987,香港,剧情 爱情 武侠 古装,8.6,252521人评价,两张绝世的脸。
112,恐怖直播,? ?? ???,死亡“动”新闻(港)  /  恐怖攻击直播(台), 金秉v Byeong-woo Kim, 河正宇 Jung-woo Ha / 李Z荣 Kyeong-y...,2013,韩国,剧情 犯罪 悬疑,8.7,221475人评价,恐怖分子的“秋菊打官司”。
113,红辣椒,パプリカ,盗梦侦探  /  帕布莉卡, 今敏 Satoshi Kon, 林原惠美 Megumi Hayashibara / 古谷彻 T...,2006,日本,动画 悬疑 科幻 惊悚,8.9,135159人评价,梦的勾结。
114,菊次郎的夏天,菊次郎の夏,Kikujir? no natsu  /  菊次郎的夏天, 北野武 Takeshi Kitano, 北野武 Takeshi Kitano / 关口雄介 Yus...,1999,日本,剧情 喜剧,8.7,183208人评价,从没见过那么流氓的温柔，从没见过那么温柔的流氓。
115,幸福终点站,The Terminal,机场客运站(港)  /  航站情缘(台), 史蒂文・斯皮尔伯格 Steven Spielberg, 汤姆・汉克斯 Tom Hanks...,2004,美国,喜剧 剧情 爱情,8.6,226587人评价,有时候幸福需要等一等。
116,七武士,七人の侍,七侠四义(港)  /  The Seven Samurai, 黑泽明 Akira Kurosawa, 三船敏郎 Toshir? Mifune / 志村乔 ...,1954,日本,动作 冒险 剧情,9.2,77854人评价,时代悲歌。
117,海洋,Océans,Oceans  /  海洋, 雅克・贝汉 Jacques Perrin / 雅克・克鲁奥德 Jacques Cluzaud,...,2009,法国 瑞士 西班牙 美国 阿联酋,纪录片,9.0,99518人评价,大海啊，不全是水。
118,岁月神偷,q月神偷,1969太空漫游  /  Echoes Of The Rainbow, 罗启锐 Alex Law, 吴君如 Sandra Ng / 任达华 Simon Yam / 钟绍...,2010,香港 中国大陆,剧情 家庭,8.6,309188人评价,岁月流逝，来日可追。
119,神偷奶爸,Despicable Me,卑鄙的我  /  坏蛋奖门人(港), 皮艾尔・柯芬 Pierre Coffin / 克里斯・雷纳德 Chris Renaud, ...,2010,美国 法国,喜剧 动画 冒险,8.5,378009人评价,Mr. I Don't Care其实也有Care的时候。
120,借东西的小人阿莉埃蒂,借りぐらしのアリエッティ,借物少女艾莉缇(台)  /  借东西的小矮人亚莉亚蒂(港), 米林宏昌 Hiromasa Yonebayashi, 志田未来 Mirai Shida / 神木...,2010,日本,动画 奇幻 冒险,8.7,217652人评价,曾经的那段美好会沉淀为一辈子的记忆。
121,电锯惊魂,Saw,夺魂锯(台)  /  恐惧斗室(港), 詹姆斯・温 James Wan, 雷・沃纳尔 Leigh Whannell / 加利・艾...,2004,美国,悬疑 惊悚 恐怖,8.7,199831人评价,真相就在眼前。
122,杀人回忆,??? ??,谋杀回忆  /  杀手回忆录, 奉俊昊 Joon-ho Bong, 宋康昊 Kang-ho Song / 金相庆 Sang-kyun...,2003,韩国,犯罪 剧情 悬疑 惊悚,8.6,211202人评价,关于连环杀人悬案的集体回忆。
123,谍影重重3,The Bourne Ultimatum,叛谍追击3：最后通牒(港)  /  神鬼认证：最后通牒 (台), 保罗・格林格拉斯 Paul Greengrass, 马特・达蒙 Matt Damon / ...,2007,美国 德国,动作 悬疑 惊悚,8.7,181502人评价,像吃了苏打饼一样干脆的电影。
124,贫民窟的百万富翁,Slumdog Millionaire,贫民百万富翁(台)  /  一百万零一夜(港), 丹尼・鲍尔 Danny Boyle / 洛芙琳・坦丹 Loveleen Tandan, 戴夫...,2008,英国 美国,剧情 爱情,8.5,397779人评价,上帝之城+猜火车+阿甘正传+开心辞典=山寨富翁
125,真爱至上,Love Actually,爱是您，爱是我(台)  /  真的恋爱了(港), 理查德・柯蒂斯 Richard Curtis, 休・格兰特 Hugh Grant / 柯林...,2003,英国 美国 法国,喜剧 剧情 爱情,8.5,309744人评价,爱，是个动词。
126,雨人,Rain Man,手足情未了  /  手足情深, 巴瑞・莱文森 Barry Levinson, 达斯汀・霍夫曼 Dustin Hoffman ...,1988,美国,剧情,8.6,210973人评价,生活在自己的世界里，也可以让周围的人显得可笑和渺小。
127,东邪西毒,|邪西毒,Ashes of Time, 王家卫 Kar Wai Wong, 张国荣 Leslie Cheung / 张曼玉 Maggie C...,1994,香港 台湾,剧情 动作 爱情 武侠 古装,8.6,251000人评价,电影诗。
128,燃情岁月,Legends of the Fall,秋日传奇  /  真爱一世情(台), 爱德华・兹威克 Edward Zwick, 安东尼・霍普金斯 Anthony Hopki...,1994,美国,剧情 爱情 西部 家庭,8.7,149419人评价,传奇，不是每个人都可以拥有。
129,记忆碎片,Memento,失忆  /  记忆拼图, 克里斯托弗・诺兰 Christopher Nolan, 盖・皮尔斯 Guy Pearce /...,2000,美国,犯罪 剧情 悬疑 惊悚,8.5,280660人评价,一个针管引发的血案。
130,小森林 夏秋篇,リトル?フォレスト 夏?秋,小森食光 / 夏秋篇(台), 森淳一 Junichi Mori, 桥本爱 Ai Hashimoto / 三浦贵大 Takahir...,2014,日本,剧情,8.9,129679人评价,那些静得只能听见呼吸的日子里，你明白孤独即生活。
131,喜剧之王,喜≈王,King of Comedy, 周星驰 Stephen Chow / 李力持 Lik-Chi Lee, 周星驰 Stephen Ch...,1999,香港,喜剧 剧情 爱情,8.5,313914人评价,我是一个演员。
132,喜宴,The Wedding Banquet,, 李安, 赵文u / 归亚蕾 / 金素梅,1993,台湾 美国,剧情 喜剧 爱情 同性 家庭,8.8,140233人评价,中国家庭的喜怒哀乐忍。
133,怪兽电力公司,"Monsters, Inc.",怪兽公司(港)  /  怪物公司, 彼特・道格特 Pete Docter / 大卫・斯沃曼 David Silverman, 约...,2001,美国,喜剧 动画 儿童 奇幻,8.6,240616人评价,不要给它起名字，起了名字就有感情了。
134,虎口脱险,La grande vadrouille,横冲直撞出重围(港)  /  大M(台), 杰拉尔・乌里 Gérard Oury, 路易・德・菲耐斯 Louis de Funès...,1966,法国 英国,喜剧 战争,8.9,107538人评价,永远看不腻的喜剧。
135,疯狂原始人,The Croods,古鲁家族(港 / 台), 科克・德・米科 Kirk De Micco / 克里斯・桑德斯 Chris Sanders,NaN,2013,美国,喜剧 动画 冒险,8.7,371157人评价,老少皆宜，这就是好莱坞动画的魅力。
136,黑天鹅,Black Swan,夺命黑天鹅  /  霸王别鹅(豆友译名), 达伦・阿罗诺夫斯基 Darren Aronofsky, 娜塔莉・波特曼 Natalie...,2010,美国,剧情 惊悚,8.5,418243人评价,黑暗之美。
137,卢旺达饭店,Hotel Rwanda,卢安达饭店(台), 特瑞・乔治 Terry George, 唐・钱德尔 Don Cheadle / 苏菲・奥...,2004,英国 南非 意大利 美国,剧情 历史 战争,8.8,119837人评价,当这个世界闭上双眼，他却敞开了怀抱。
138,英雄本色,,A Better Tomorrow  /  Gangland Boss, 吴宇森 John Woo, 周润发 Yun-Fat Chow / 狄龙 Lung Ti / 张国...,1986,香港,动作 犯罪,8.6,162166人评价,英雄泪短，兄弟情长。
139,猜火车,Trainspotting,迷幻列车(港)  /  定位的火车, 丹尼・博伊尔 Danny Boyle, 伊万・麦克格雷格 Ewan McGregor / ...,1996,英国,犯罪 剧情,8.5,249216人评价,不可猜的青春迷笛。
140,恋恋笔记本,The Notebook,深情日记  /  写我情真, 尼克・卡索维茨 Nick Cassavetes, 瑞恩・高斯林 Ryan Gosling /...,2004,美国,剧情 爱情,8.5,282074人评价,爱情没有那么多借口，如果不能圆满，只能说明爱的不够。
141,穿越时空的少女,rをかける少女,跳跃吧！时空少女(台)  /  Toki o kakeru sh?jo, 细田守 Mamoru Hosoda, 仲里依纱 Riisa Naka / 石田卓也 Takuya...,2006,日本,剧情 爱情 科幻 动画,8.6,185919人评价,爱上未来的你。
142,魂断蓝桥,Waterloo Bridge,滑铁卢桥  /  断桥残梦, Mervyn LeRoy, Vivien Leigh / Robert Taylor / Lucile Watson,1940,美国,剧情 战争 爱情,8.8,129415人评价,中国式内在的美国电影。
143,傲慢与偏见,Pride & Prejudice,傲慢与偏见2005  /  Pride And Prejudice, 乔・怀特 Joe Wright, 凯拉・奈特莉 Keira Knightley / 马修・...,2005,法国 英国 美国,剧情 爱情,8.4,301443人评价,爱是摈弃傲慢与偏见之后的曙光。
144,雨中曲,Singin' in the Rain,雨中情  /  万花嬉春, Stanley Donen / Gene Kelly, Gene Kelly / Donald O'Connor / ...,1952,美国,喜剧 歌舞 爱情,8.9,93212人评价,骨灰级歌舞片。
145,教父3,The Godfather: Part III,教父第三集  /  教父 III, 弗朗西斯・福特・科波拉 Francis Ford Coppola, 阿尔・帕西诺 A...,1990,美国,剧情 犯罪,8.7,129878人评价,任何信念的力量，都无法改变命运。
146,完美的世界,A Perfect World,强盗保镳, 克林特・伊斯特伍德 Clint Eastwood, 凯文・科斯特纳 Kevin Cos...,1993,美国,剧情 犯罪,9.0,79769人评价,坏人的好总是比好人的好来得更感人。
147,纵横四海,h横四海,Once a Thief, 吴宇森 John Woo, 周润发 Yun-Fat Chow / 张国荣 Leslie Cheung...,1991,香港,剧情 喜剧 动作 犯罪,8.7,144913人评价,香港浪漫主义警匪动作片的巅峰之作。
148,玩具总动员3,Toy Story 3,反斗奇兵3(港)  /  玩具的故事3, 李・昂克里奇 Lee Unkrich, 汤姆・汉克斯 Tom Hanks / 蒂姆・艾...,2010,美国,喜剧 动画 奇幻 冒险,8.8,191764人评价,跨度十五年的欢乐与泪水。
149,萤火之森,w火の杜へ,萤火之社  /  Hotarubi no mori e, 大森贵弘 Takahiro Omori, 佐仓绫音 Ayane Sakura / 内山昂辉 K...,2011,日本,剧情 爱情 动画 奇幻,8.7,156513人评价,触不到的恋人。
150,7号房的礼物,7??? ??,戆爸的礼物(港)  /  7号囚房的礼物, 李焕庆 Hwan-kyeong Lee, 柳承龙 Seung-yong Ryoo / 朴信惠 Shi...,2013,韩国,剧情 喜剧 家庭,8.7,174531人评价,《我是山姆》的《美丽人生》。
151,哈利・波特与死亡圣器(下),Harry Potter and the Deathly Hallows: Part 2,哈利波特7：死神的圣物2(港 / 台), 大卫・叶茨 David Yates, 丹尼尔・雷德克里夫 Daniel Radcliffe...,2011,美国 英国,剧情 悬疑 奇幻 冒险,8.6,272665人评价,10年的完美句点。
152,花样年华,花幽耆A,In the Mood for Love, 王家卫 Kar Wai Wong, 梁朝伟 Tony Leung Chiu Wai / 张曼玉 Ma...,2000,香港 法国,剧情 爱情,8.5,246642人评价,偷情本没有这样美。
153,海边的曼彻斯特,Manchester by the Sea,情系海边之城(港)  /  海曼, 肯尼斯・罗纳根 Kenneth Lonergan, 卡西・阿弗莱克 Casey Affle...,2016,美国,剧情 家庭,8.6,172537人评价,我们都有权利不与自己的过去和解。
154,荒蛮故事,Relatos salvajes,蛮荒故事  /  生命中最抓狂的小事(台), 达米安・斯兹弗隆 Damián Szifron, 达里奥・葛兰帝内提 Darío...,2014,阿根廷 西班牙,剧情 喜剧 犯罪,8.7,136139人评价,始于荒诞，止于更荒诞。
155,我是山姆,I Am Sam,不一样的爸爸(港)  /  他不笨，他是我爸爸(台), 杰茜・尼尔森 Jessie Nelson, Sean Penn / Dakota Fanning / Mi...,2001,美国,剧情 家庭,8.8,103115人评价,爱并不需要智商 。
156,人工智能,Artificial Intelligence: AI,AI人工智慧, 史蒂文・斯皮尔伯格 Steven Spielberg, 海利・乔・奥斯蒙 Haley...,2001,美国,冒险 剧情 科幻,8.6,189394人评价,对爱的执着，可以超越一切。
157,二十二,,Twenty Two  /  22, 郭柯 Ke Guo,,2015,中国大陆,纪录片,8.8,85967人评价,有一些东西不应该被遗忘。
158,浪潮,Die Welle,恶魔教室(台)  /  白恤暴潮(港), 丹尼斯・甘塞尔 Dennis Gansel, 尤尔根・沃格尔 Jürgen Vogel ...,2008,德国,剧情 惊悚,8.7,132035人评价,世界离独裁只有五天。
159,小森林 冬春篇,リトル?フォレスト 冬?春,小森食光 / 冬春篇(台), 森淳一 Junichi Mori, 桥本爱 Ai Hashimoto / 三浦贵大 Takahir...,2015,日本,剧情,8.9,111814人评价,尊敬他人，尊敬你生活的这片土地，明白孤独是人生的常态。
160,香水,Perfume: The Story of a Murderer,香水：一个杀人犯的故事  /  香水：一个谋杀犯的故事, 汤姆・提克威 Tom Tykwer, 本・卫肖 Ben Whishaw / 艾伦・瑞克...,2006,德国 法国 西班牙 美国,剧情 犯罪 奇幻,8.4,275245人评价,一个单凭体香达到高潮的男人。
161,冰川时代,Ice Age,冰河世纪  /  冰原历险记, 卡洛斯・沙尔丹哈 Carlos Saldanha / 克里斯・韦奇 Chris Wedge,NaN,2002,美国,喜剧 动画 冒险,8.4,269363人评价,松鼠才是角儿。
162,朗读者,The Reader,为爱朗读(台)  /  读爱(港), 史蒂芬・戴德利 Stephen Daldry, 凯特・温丝莱特 Kate Winslet ...,2008,美国 德国,剧情 爱情,8.5,277524人评价,当爱情跨越年龄的界限，它似乎能变得更久远一点，成为一种责任，一种水到渠成的相濡以沫。
163,时空恋旅人,About Time,时空旅恋人  /  回到最爱的一天(港), 理查德・柯蒂斯 Richard Curtis, 多姆纳尔・格利森 Domhnall Gl...,2013,英国,剧情 爱情 奇幻,8.6,197502人评价,把每天当作最后一天般珍惜度过，积极拥抱生活，就是幸福。
164,追随,Following,致命追踪  /  跟踪, 克里斯托弗・诺兰 Christopher Nolan, 杰里米・西奥伯德 Jeremy...,1998,英国,犯罪 悬疑 惊悚,8.9,81707人评价,诺兰的牛逼来源于内心散发出的恐惧。
165,唐伯虎点秋香,唐伯虎c秋香,Flirting Scholar, 李力持 Lik-Chi Lee, 周星驰 Stephen Chow / 巩俐 Li Gong / 陈...,1993,香港,喜剧 爱情 古装,8.4,321752人评价,华太师是黄，吴镇宇四大才子之一。
166,心迷宫,,殡棺  /  The Coffin in the Mountain, 忻钰坤 Yukun Xin, 霍卫民 Weimin Huo / 王笑天 Xiaotian Wang ...,2014,中国大陆,剧情 犯罪 悬疑,8.6,159793人评价,荒诞讽刺，千奇百巧，抽丝剥茧，百转千回。
167,撞车,Crash,冲击效应  /  冲撞, 保罗・哈吉斯 Paul Haggis, 桑德拉・布洛克 Sandra Bullock / ...,2004,美国 德国,犯罪 剧情,8.6,173750人评价,天使与魔鬼的冲撞。
168,超能陆战队,Big Hero 6,大英雄联盟(港)  /  大英雄天团(台), 唐・霍尔 Don Hall / 克里斯・威廉姆斯 Chris Williams, 斯科特...,2014,美国,喜剧 动作 科幻 动画 冒险,8.6,365306人评价,Balalala~~~
169,罗生门,_生T,Rashomon, 黑泽明 Akira Kurosawa, 三船敏郎 Toshir? Mifune / 千秋实 ...,1950,日本,犯罪 剧情 悬疑,8.7,124246人评价,人生的N种可能性。
170,蝙蝠侠：黑暗骑士崛起,The Dark Knight Rises,蝙蝠侠前传3：黑暗骑士崛起  /  黑暗骑士：黎明升起(台), 克里斯托弗・诺兰 Christopher Nolan, 克里斯蒂安・贝尔 Christ...,2012,美国 英国,剧情 动作 科幻 犯罪 惊悚,8.5,293083人评价,诺兰就是保证。
171,一次别离,????? ???? ?? ?????,分居风暴(台)  /  伊朗式分居(港), 阿斯哈・法哈蒂  Asghar Farhadi, 佩曼・莫阿迪 Peyman Moadi /...,2011,伊朗 法国,剧情 家庭,8.7,131645人评价,只有有信仰的人才能说出事实真相。
172,战争之王,Lord of War,军火之王(台 / 港), 安德鲁・尼科尔 Andrew Niccol, 尼古拉斯・凯奇 Nicolas Cage /...,2005,美国 法国,剧情 犯罪,8.5,173931人评价,做一颗让别人需要你的棋子。
173,可可西里,Kekexili: Mountain Patrol,, 陆川 Chuan Lu, 多布杰 Duobujie / 张磊 Lei Zhang / 亓亮 Qi L...,2004,中国大陆 香港,剧情 犯罪,8.7,128272人评价,坚硬的信仰。
174,梦之安魂曲,Requiem for a Dream,噩梦挽歌(台)  /  迷上瘾(港), 达伦・阿伦诺夫斯基 Darren Aronofsky, 艾伦・伯斯汀 Ellen Bur...,2000,美国,剧情,8.7,111162人评价,一场没有春天的噩梦。
175,未麻的部屋,Perfect Blue,蓝色的恐惧  /  蓝色恐惧, 今敏 Satoshi Kon, 岩男润子 Junko Iwao / 松本梨香 Rica Matsu...,1997,日本,动画 奇幻 惊悚,8.8,96111人评价,好的剧本是，就算你猜到了结局也猜不到全部。
176,地球上的星星,Taare Zameen Par,心中的小星星(台)  /  每一个孩子都是特别的, 阿米尔・汗 Aamir Khan, 达席尔・萨法瑞 Darsheel Safary / 阿...,2007,印度,剧情 儿童 家庭,8.8,83651人评价,天使保护事件始末。
177,爆裂鼓手,Whiplash,鼓动真我(港)  /  进击的鼓手(台), 达米安・沙泽勒 Damien Chazelle, 迈尔斯・特勒 Miles Teller /...,2014,美国,剧情 音乐,8.6,235187人评价,这个世界从不善待努力的人，努力了也不一定会成功，但是知道自己在努力，就是活下去的动力。
178,碧海蓝天,Le grand bleu,碧海情深  /  夜海倾情, Luc Besson, 让-马克・巴尔 Jean-Marc Barr / 让・雷诺 Jean Re...,1988,法国 美国 意大利,剧情 爱情,8.7,107550人评价,在那片深蓝中，感受来自大海的忧伤寂寞与美丽自由。
179,恐怖游轮,Triangle,汪洋血迷m(台)  /  轮回三角, 克里斯托弗・史密斯 Christopher Smith, 梅利莎・乔治 Melissa ...,2009,英国 澳大利亚,剧情 悬疑 惊悚,8.3,319069人评价,不要企图在重复中寻找已经失去的爱。
180,达拉斯买家俱乐部,Dallas Buyers Club,续命枭雄(港)  /  药命俱乐部(台), 让-马克・瓦雷 Jean-Marc Vallée, 马修・麦康纳 Matthew McCon...,2013,美国,剧情 传记 同性,8.6,166400人评价,Jared Leto的腿比女人还美！
181,阿飞正传,阿w正,Days of Being Wild, 王家卫 Kar Wai Wong, 张国荣 Leslie Cheung / 张曼玉 Maggie C...,1990,香港,犯罪 剧情 爱情,8.5,179636人评价,王家卫是一种风格，张国荣是一个代表。
182,牯岭街少年杀人事件,牯X街少年⑷耸录,A Brighter Summer Day, 杨德昌 Edward Yang, 张震 Chen Chang / 杨静怡 Lisa Yang / 张...,1991,台湾,剧情 犯罪,8.7,105706人评价,弱者送给弱者的一刀。
183,谍影重重2,The Bourne Supremacy,叛谍追击2：机密圈套(港)  /  神鬼认证：神鬼疑云(台), 保罗・格林格拉斯 Paul Greengrass, 马特・达蒙 Matt Damon / ...,2004,美国 德国,动作 悬疑 惊悚,8.5,157817人评价,谁说王家卫镜头很晃？
184,秒速5厘米,秒速5センチメ`トル,秒速五厘米  /  秒速5公分, 新海诚 Makoto Shinkai, 水桥研二 Kenji Mizuhashi / 近藤好美 ...,2007,日本,动画 剧情 爱情,8.3,292550人评价,青春就是放弃和怀念。
185,谍影重重,The Bourne Identity,叛谍追击(港)  /  神鬼认证(台), 道格・里曼 Doug Liman, 马特・达蒙 Matt Damon / 弗兰卡・波坦...,2002,美国 德国 捷克,动作 悬疑 惊悚,8.5,190226人评价,哗啦啦啦啦，天在下雨，哗啦啦啦啦，云在哭泣……找自己。
186,海盗电台,The Boat That Rocked,出位乐人谷(港)  /  海盗电波, 理查德・柯蒂斯 Richard Curtis, 比尔・奈伊 Bill Nighy / 肯尼...,2009,英国 德国 法国,剧情 喜剧 音乐,8.6,164314人评价,生命不止，摇滚不死。
187,被解救的姜戈,Django Unchained,被解放的姜戈  /  决杀令(台), 昆汀・塔伦蒂诺 Quentin Tarantino, 杰米・福克斯 Jamie Foxx /...,2012,美国,剧情 动作 西部 冒险,8.5,256993人评价,热血沸腾，那个低俗、性感的无耻混蛋又来了。
188,魔女宅急便,魔女の宅急便,魔女琪琪(台)  /  小魔女限时专送, 宫崎骏 Hayao Miyazaki, 高山南 / 佐久间玲 / 山口胜平,1989,日本,动画 奇幻 冒险,8.5,192082人评价,宫崎骏的电影总让人感觉世界是美好的，阳光明媚的。
189,惊魂记,Psycho,精神病患者  /  触目惊心, Alfred Hitchcock, Janet Leigh / Anthony Perkins / Vera Miles,1960,美国,悬疑 惊悚 恐怖,8.9,81877人评价,故事的反转与反转，分裂电影的始祖。
190,再次出发之纽约遇见你,Begin Again,再次出发  /  歌曲改变人生, 约翰・卡尼 John Carney, 凯拉・奈特莉 Keira Knightley / 马克...,2013,美国,喜剧 爱情 音乐,8.5,165708人评价,爱我就给我看你的播放列表。
191,东京物语,|京物Z,东京故事  /  Tokyo Story, 小津安二郎 Yasujir? Ozu, 笠智众 Chish? Ry? / 原节...,1953,日本,剧情 家庭,9.2,49880人评价,东京那么大，如果有一天走失了，恐怕一辈子不能再相见。
192,青蛇,Green Snake,, 徐克 Hark Tsui, 张曼玉 Maggie Cheung / 王祖贤 Joey Wang / ...,1993,香港,剧情 奇幻 古装,8.4,217969人评价,人生如此，浮生如斯。谁人言，花彼岸，此生情长意短。谁都是不懂爱的罢了。
193,绿里奇迹,The Green Mile,绿色奇迹(台)  /  绿色英里, Frank Darabont, 汤姆・汉克斯 Tom Hanks / 大卫・摩斯 David M...,1999,美国,犯罪 剧情 奇幻 悬疑,8.7,105348人评价,天使暂时离开。
194,末路狂花,Thelma & Louise,塞尔玛与路易丝  /  末路狂花, 雷德利・斯科特 Ridley Scott, 吉娜・戴维斯 Geena Davis / 苏...,1991,美国 法国,犯罪 剧情 惊悚,8.7,103363人评价,没有了退路，只好飞向自由。
195,勇闯夺命岛,The Rock,石破天惊  /  绝地任务, 迈克尔・贝 Michael Bay, 肖恩・康纳利 Sean Connery / 尼古拉...,1996,美国,动作 冒险,8.5,140549人评价,类型片的极致。
196,哪吒闹海,,Prince Nezha's Triumph Against Dragon King  /  Nezha nao hai, 严定宪 Dingxian Yan / 王树忱 Shuchen Wang, 梁正晖 Zhenghui ...,1979,中国大陆,冒险 动画 奇幻,8.8,78842人评价,想你时你在闹海。
197,忠犬八公物语,ハチ公物Z,八千公物语  /  阿八的故事, Seijir? K?yama, 山本圭 Kei Yamamoto / 井川比佐志 Hisa...,1987,日本,剧情,9.0,56811人评价,养狗三日，便会对你终其一生。
198,迁徙的鸟,Le peuple migrateur,鸟的迁徙  /  鸟与梦飞行, 雅克・贝汉 Jacques Perrin / 雅克・克鲁奥德 Jacques Cluzaud,...,2001,法国 德国 意大利 西班牙 瑞士,纪录片,9.1,51426人评价,最美的飞翔。
199,终结者2：审判日,Terminator 2: Judgment Day,终结者2  /  终结者2：末日审判, 詹姆斯・卡梅隆 James Cameron, 阿诺・施瓦辛格 Arnold Schwarz...,1991,美国 法国,动作 科幻,8.5,139321人评价,少见的超越首部的续集，动作片中的经典。
200,荒野生存,Into the Wild,浪荡天涯(港)  /  阿拉斯加之死(台), 西恩・潘 Sean Penn, 埃米尔・赫斯基 Emile Hirsch / 马西娅・...,2007,美国,冒险 传记 剧情,8.6,125683人评价,出门必备：本草纲目。
201,卡萨布兰卡,Casablanca,北非谍影(港)  /  卡萨布兰卡, Michael Curtiz, 亨弗莱・鲍嘉 Humphrey Bogart / 英格丽・褒曼...,1942,美国,剧情 爱情 战争,8.6,123230人评价,与同名歌曲无关。
202,这个男人来自地球,The Man from Earth,地球不死人(港)  /  这个人来自洞穴, 理查德・沙因克曼 Richard Schenkman, 大卫・李・史密斯 David ...,2007,美国,剧情 科幻,8.5,176770人评价,科幻真正的魅力不是视觉效果能取代的。
203,源代码,Source Code,启动原始码(台)  /  危机解密(港), 邓肯・琼斯 Duncan Jones, 杰克・吉伦哈尔 Jake Gyllenhaal / ...,2011,美国 加拿大,爱情 科幻 悬疑 惊悚,8.3,403798人评价,邓肯・琼斯继《月球》之后再度奉献出一部精彩绝伦的科幻佳作。
204,变脸,Face/Off,夺面双雄, 吴宇森 John Woo, 约翰・特拉沃尔塔 John Travolta / 尼古拉斯...,1997,美国,动作 科幻 犯罪 惊悚,8.4,211572人评价,当发哥的风衣、墨镜出现在了凯奇身上??
205,新龙门客栈,新T客,New Dragon Gate Inn, 李惠民 Raymond Lee, 张曼玉 Maggie Cheung / 林青霞 Brigitte ...,1992,香港 中国大陆,剧情 动作 武侠 古装,8.5,180544人评价,嬉笑怒骂，调风动月。
206,黑客帝国3：矩阵革命,The Matrix Revolutions,骇客任务完结篇：最后战役  /  廿二世纪杀人网络3：惊变世纪, Andy Wachowski / Larry Wachowski, Keanu Reeves / Laurence F...,2003,美国 澳大利亚,动作 科幻,8.5,153108人评价,不得不说，《黑客帝国》系列是商业片与科幻、哲学完美结合的典范。
207,燕尾蝶,スワロウテイル,Swallowtail Butterfly  /  Suwar?teiru, 岩井俊二 Shunji Iwai, 三上博史 / 恰拉 / 伊藤步,1996,日本,犯罪 剧情,8.6,107062人评价,现实与童话交相辉映的旅程。
208,城市之光,City Lights,City Lights: A Comedy Romance in Pantomime  /  Lichter der Gro?stadt, Charles Chaplin, 查理・卓别林 Charles Chaplin / 弗吉尼亚・...,1931,美国,喜剧 剧情 爱情,9.2,42973人评价,永远的小人物，伟大的卓别林。
209,黄金三镖客,"Il buono, il brutto, il cattivo.",好・坏・丑  /  独行侠决斗地狱门(港), Sergio Leone, Clint Eastwood / Eli Wallach / Lee Van Cleef,1966,意大利 西班牙 西德,冒险 西部,9.1,50628人评价,最棒的西部片。
210,E.T. 外星人,E.T.: The Extra-Terrestrial,外星人E.T.  /  外星人, Steven Spielberg, Henry Thomas / Dee Wallace / Robert MacNa...,1982,美国,剧情 科幻,8.5,150598人评价,生病的E.T.皮肤的颜色就像柿子饼。
211,英国病人,The English Patient,英伦情人(台)  /  别问我是谁(港), 安东尼・明格拉 Anthony Minghella, 拉尔夫・费因斯 Ralph Fien...,1996,美国 英国,爱情 剧情 战争,8.4,172380人评价,"In memory, love lives forever..."
212,发条橙,A Clockwork Orange,发条桔子  /  发条橙子, Stanley Kubrick, Malcolm McDowell / Patrick Magee / Michael...,1971,英国 美国,犯罪 剧情 科幻,8.4,184190人评价,我完全康复了。
213,美国丽人,American Beauty,美丽有罪(港)  /  美国心・玫瑰情(台), 萨姆・门德斯 Sam Mendes, 凯文・史派西 Kevin Spacey / 安妮特...,1999,美国,剧情 爱情 家庭,8.4,183176人评价,每个人的内心都是深不可测的大海。
214,无耻混蛋,Inglourious Basterds,恶棍特工(台)  /  希魔撞正杀人狂(港), Quentin Tarantino, 布拉德・皮特 Brad Pitt / 梅拉尼・罗兰 M...,2009,美国 德国,剧情 犯罪,8.4,220524人评价,昆汀同学越来越变态了，比北野武还杜琪峰。
215,模仿游戏,The Imitation Game,解码游戏(港)  /  模拟游戏, 莫腾・泰杜姆 Morten Tyldum, 本尼迪克特・康伯巴奇 Benedict C...,2014,英国 美国,剧情 传记 战争 同性,8.5,250202人评价,他给机器起名“克里斯托弗”，因为这是他初恋的名字。
216,叫我第一名,Front of the Class,开放有爱  /  站在教室前, 彼得・维纳 Peter Werner, 詹姆斯・沃克 James Wolk / 特里特・...,2008,美国,剧情 传记,8.6,107393人评价,乐观比一切都有力量。
217,头脑特工队,Inside Out,玩转脑朋友(港)  /  脑筋急转弯(台), 彼特・道格特 Pete Docter / 罗纳尔多・德尔・卡门 Ronaldo Del Carmen??&nb...,2015,美国,喜剧 动画 冒险,8.7,220170人评价,愿我们都不用长大，每一座城堡都能永远存在。,
218,初恋这件小事,???????????????????????...???,初恋那件小事(港)  /  暗恋那点小事, 普特鹏・普罗萨卡・那・萨克那卡林 Puttipong Promsaka Na Sakolnakorn / 华森・波克彭...,2010,泰国,剧情 喜剧 爱情,8.3,452121人评价,黑小鸭速效美白记。,
219,穆赫兰道,Mulholland Dr.,穆荷兰大道(台)  /  失忆大道(港), 大卫・林奇 David Lynch, 娜奥米・沃茨 Naomi Watts / 劳拉・哈...,2001,法国 美国,剧情 悬疑 惊悚,8.3,231670人评价,大卫・林奇的梦境迷宫。
220,非常嫌疑犯,The Usual Suspects,刺激惊爆点(台)  /  普通嫌疑犯, 布莱恩・辛格 Bryan Singer, 史蒂芬・鲍德温 Stephen Baldwin /...,1995,德国 美国,剧情 犯罪 悬疑 惊悚,8.6,114633人评价,我不信仰上帝，但我敬畏上帝。
221,勇士,Warrior,勇者无敌(台)  /  钢铁斗士(港), 加文・欧康诺 Gavin O'Connor, 汤姆・哈迪 Tom Hardy / 乔尔・...,2011,美国,剧情 运动 家庭,8.9,86531人评价,热血沸腾，相当完美的娱乐拳击大餐。
222,房间,Room,不存在的房间(台)  /  抖室(港), 伦尼・阿伯拉罕森 Lenny Abrahamson, 布丽・拉尔森 Brie Larson...,2015,爱尔兰 加拿大 英国 美国,剧情 家庭,8.8,146882人评价,被偷走的岁月，被伤害的生命，被禁锢的灵魂，终将被希望和善意救赎。
223,上帝也疯狂,The Gods Must Be Crazy,众神也疯狂 (上)  /  上帝一定发疯了 (上), Jamie Uys, Marius Weyers / Sandra Prinsloo / N!xau,1980,博茨瓦纳 南非,喜剧,8.6,94819人评价,纯净原始的笑与感动。
224,爱在午夜降临前,Before Midnight,爱在午夜希腊时(台)  /  情约半生(港), 理查德・林克莱特 Richard Linklater, 伊桑・霍克 Ethan Hawke ...,2013,美国,剧情 爱情,8.8,113184人评价,所谓爱情，就是话唠一路，都不会心生腻烦，彼此嫌弃。
225,蓝色大门,{色大T,蓝色夏恋  /  Blue Gate Crossing, 易智言 Chih-yen Yee, 陈柏霖 Bo-lin Chen / 桂纶镁 Lunmei Kwa...,2002,台湾 法国,剧情 爱情 同性,8.3,269963人评价,青春的窃窃私语。
226,无敌破坏王,Wreck-It Ralph,破坏王拉尔夫  /  破坏王大冒险, 瑞奇・莫尔 Rich Moore, 约翰・C・赖利 John C. Reilly / 萨拉...,2012,美国,喜剧 动画 奇幻 冒险,8.6,181505人评价,迪士尼和皮克斯拿错剧本的产物。
227,国王的演讲,The King's Speech,皇上无话儿(港)  /  王者之声：宣战时刻(台), 汤姆・霍珀 Tom Hooper, 柯林・菲尔斯 Colin Firth / 杰弗里・...,2010,英国 澳大利亚 美国,剧情 传记 历史,8.3,333928人评价,皇上无话儿。
228,血钻,Blood Diamond,血腥钻石  /  滴血钻石, 爱德华・兹威克 Edward Zwick, 莱昂纳多・迪卡普里奥 Leonardo ...,2006,美国 德国,剧情 惊悚 冒险,8.5,128716人评价,每个美丽事物背后都是滴血的现实。
229,疯狂的石头,Crazy Stone,, 宁浩 Hao Ning, 郭涛 Tao Guo / 刘桦 Hua Liu / 连晋 Teddy Lin,2006,中国大陆 香港,喜剧 犯罪,8.2,306895人评价,中国版《两杆大烟枪》。
230,爱・回家,???...,外婆的家  /  回家路上, 李廷香 Jeong-hyang Lee, 金艺芬 Eul-boon Kim / 俞承豪 Seung-...,2002,韩国,剧情 家庭,9.0,46632人评价,献给所有外婆的电影。
231,枪火,j火,The Mission, 杜琪峰 Johnnie To, 吴镇宇 Francis Ng / 任达华 Simon Yam / ...,1999,香港,剧情 动作 犯罪,8.6,98023人评价,一群演技精湛的戏骨，奉献出一个精致的黑帮小品，成就杜琪峰群戏的巅峰之作。
232,大卫・戈尔的一生,The Life of David Gale,铁案悬谜  /  命悬一线, Alan Parker, 凯文・史派西 Kevin Spacey / 凯特・温丝莱特 Kat...,2003,美国 德国 英国,剧情 犯罪 悬疑,8.6,90155人评价,捍卫人权只是信仰，一点不妨碍其行为的残忍。
233,一个叫欧维的男人决定去死,En man som heter Ove,明天别再来敲门(台)  /  想死钜(港), 汉内斯・赫尔姆 Hannes Holm, 罗夫・拉斯加德 Rolf Lassg?rd...,2015,瑞典,剧情,8.7,109396人评价,惠及一生的美丽。
234,千钧一发,Gattaca,变种异煞  /  自然人, 安德鲁・尼科尔 Andrew Niccol, 伊桑・霍克 Ethan Hawke / 乌玛...,1997,美国,剧情 科幻,8.7,83544人评价,一部能引人思考的科幻励志片。
235,麦兜故事,兜故事,麦兜的故事  /  My Life as McDull, 袁建滔 Toe Yuen, 李晋纬 / 林海峰 Jan Lamb / 吴君如 Sandra Ng,2001,香港,剧情 喜剧 动画,8.5,125592人评价,麦兜是一只很哲学的猪。
236,遗愿清单,The Bucket List,玩转身前事(港)  /  一路玩到挂(台), 罗伯・莱纳 Rob Reiner, 杰克・尼科尔森 Jack Nicholson / 摩根...,2007,美国,冒险 喜剧 剧情,8.5,124693人评价,用剩余不多的时间，去燃烧整个生命。
237,暖暖内含光,Eternal Sunshine of the Spotless Mind,暧暧内含光  /  美丽心灵的永恒阳光, 米歇尔・冈瑞 Michel Gondry, 金・凯瑞 Jim Carrey / 凯特・温...,2004,美国,剧情 爱情 奇幻,8.4,142225人评价,恋爱是一次神经的冒险。就算失去记忆，也会爱上你。
238,步履不停,iいても iいても,横山家之味(港)  /  步伐不停, 是枝裕和 Hirokazu Koreeda, 阿部宽 Hiroshi Abe / 夏川结衣 Yu...,2008,日本,剧情 家庭,8.8,66667人评价,日本的家庭电影已经是世界巅峰了，步履不停是巅峰中的佳作。
239,曾经,Once,一奏倾情(港)  /  曾经。爱是唯一(台), 约翰・卡尼 John Carney, 格伦・汉塞德 Glen Hansard / 玛可塔...,2007,爱尔兰,剧情 音乐 爱情,8.3,200058人评价,有些幸福无关爱情。
240,荒岛余生,Cast Away,浩劫重生(台)  /  劫后重生(港), 罗伯特・泽米吉斯 Robert Zemeckis, 汤姆・汉克斯 Tom Hanks / ...,2000,美国,冒险 剧情,8.5,130616人评价,一个人的独角戏。
241,彗星来的那一夜,Coherence,相干性  /  相干效应, 詹姆斯・沃德・布柯特 James Ward Byrkit, 艾米丽・芭尔多尼 Em...,2013,美国 英国,科幻 悬疑 惊悚,8.4,169109人评价,小成本大魅力。
242,我爱你,??? ?????,爱你  /  Late Blossom, 秋昌民 Chang-min Choo, 宋在河 Jae-ho Song / 李顺载 Soon-jae...,2011,韩国,剧情 爱情,9.0,55221人评价,你要相信，这世上真的有爱存在，不管在什么年纪
243,蝴蝶,Le Papillon,The Butterfly, 菲利普・穆伊尔 Philippe Muyl, 米歇尔・塞罗 Michel Serrault ...,2002,法国,剧情 儿童 喜剧,8.6,93972人评价,我们长途跋涉寻找的东西，有可能一直就在身边。
244,无人知晓,lも知らない,谁知赤子心  /  无人知晓的夏日清晨, 是枝裕和 Hirokazu Koreeda, 柳乐优弥 Y?ya Yagira / 北浦爱...,2004,日本,剧情,9.0,50493人评价,我的平常生活就是他人的幸福。
245,月球,Moon,月劫余生(港)  /  寂寞月影, 邓肯・琼斯 Duncan Jones, 山姆・洛克威尔 Sam Rockwell / 凯文...,2009,英国,剧情 科幻 悬疑,8.5,140882人评价,2009媲美《第九区》的又一部科幻神作。
246,巴黎淘气帮,Le petit Nicolas,小淘气尼古拉(台)  /  反斗小尼哥(港), Laurent Tirard, 马克西姆・戈达尔 Maxime Godart / 瓦莱丽・勒...,2009,法国 比利时,儿童 喜剧 家庭,8.6,103209人评价,四百击的反面。
247,与狼共舞,Dances with Wolves,与狼共舞, Kevin Costner, Kevin Costner / Mary McDonnell / Graham Greene,1990,美国,冒险 剧情 西部,8.9,55152人评价,充满诗意与情怀的史诗作品。
248,偷拐抢骗,Snatch,边个够我姜(港)  /  掠夺, 盖・里奇 Guy Ritchie, 布拉德・皮特 Brad Pitt / 本尼西奥・德...,2000,英国 美国,喜剧 犯罪,8.5,114364人评价,典型盖・里奇式的英国黑色幽默黑帮片。
249,寿司之神,Jiro Dreams of Sushi,次郎的寿司梦  /  梦见寿司的次郎, 大卫・贾柏 David Gelb, 小野二郎  Jiro Ono / 小野祯一 Yoshik...,2011,美国,纪录片,8.8,81070人评价,仪式主义的狂欢，偏执狂的完胜。
